geolocation_zip_code_prefix,geolocation_city,geolocation_state
1035,sao paulo,SP
1009,sao paulo,SP
1033,sao paulo,SP
1040,sao paulo,SP
1026,são paulo,SP
1031,sao paulo,SP
1001,sao paulo,SP
1026,sao paulo,SP
1009,são paulo,SP
1031,são paulo,SP
1035,são paulo,SP
1040,são paulo,SP
1033,são paulo,SP
1001,são paulo,SP
1155,sao paulo,SP
1155,são paulo,SP
1134,são paulo,SP
1134,sao paulo,SP
1214,sao paulo,SP
1257,sao paulo,SP
1258,sao paulo,SP
1258,são paulo,SP
1229,sao paulo,SP
1218,são paulo,SP
1239,sao paulo,SP
1201,sao paulo,SP
1229,são paulo,SP
1218,sao paulo,SP
1212,são paulo,SP
1239,são paulo,SP
1214,são paulo,SP
1212,sao paulo,SP
1255,sao paulo,SP
1257,são paulo,SP
1201,são paulo,SP
1255,são paulo,SP
1303,sao paulo,SP
1321,sao paulo,SP
1307,sao paulo,SP
1319,são paulo,SP
1316,sao paulo,SP
1307,são paulo,SP
1319,sao paulo,SP
1320,sao paulo,SP
1321,são paulo,SP
1316,são paulo,SP
1320,são paulo,SP
1303,são paulo,SP
1307,sao bernardo do campo,SP
1403,são paulo,SP
1403,sao paulo,SP
1451,sao paulo,SP
1433,são paulo,SP
1433,sao paulo,SP
1434,sao paulo,SP
1451,são paulo,SP
1412,são paulo,SP
1412,sao paulo,SP
1434,são paulo,SP
1526,sao paulo,SP
1526,são paulo,SP
1511,sao paulo,SP
1532,sao paulo,SP
1543,sao paulo,SP
1546,são paulo,SP
1550,sao paulo,SP
1545,sao paulo,SP
1508,sao paulo,SP
1546,sao paulo,SP
1547,sao paulo,SP
1532,são paulo,SP
1543,são paulo,SP
1508,são paulo,SP
1511,são paulo,SP
1545,são paulo,SP
1550,são paulo,SP
2019,sao paulo,SP
2012,sao paulo,SP
2034,sao paulo,SP
2022,são paulo,SP
2066,sao paulo,SP
2030,sao paulo,SP
2022,sao paulo,SP
2016,sao paulo,SP
2066,são paulo,SP
2034,são paulo,SP
2016,são paulo,SP
2019,são paulo,SP
2012,são paulo,SP
2030,são paulo,SP
2178,são paulo,SP
2112,são paulo,SP
2178,sao paulo,SP
2111,sao paulo,SP
2111,são paulo,SP
2112,sao paulo,SP
2274,sao paulo,SP
2242,sao paulo,SP
2258,sao paulo,SP
2242,são paulo,SP
2266,são paulo,SP
2274,são paulo,SP
2266,sao paulo,SP
2258,são paulo,SP
2252,sao paulo,SP
2252,são paulo,SP
2377,sao paulo,SP
2350,sao paulo,SP
2378,são paulo,SP
2310,sao paulo,SP
2378,sao paulo,SP
2350,são paulo,SP
2310,são paulo,SP
2377,são paulo,SP
2410,sao paulo,SP
2443,são paulo,SP
2443,sao paulo,SP
2410,são paulo,SP
2537,sao paulo,SP
2537,são paulo,SP
2712,sao paulo,SP
2710,sao paulo,SP
2722,sao paulo,SP
2724,sao paulo,SP
2738,são paulo,SP
2722,são paulo,SP
2710,são paulo,SP
2724,são paulo,SP
2738,sao paulo,SP
2712,são paulo,SP
2809,sao paulo,SP
2804,sao paulo,SP
2839,sao paulo,SP
2809,são paulo,SP
2807,sao paulo,SP
2804,são paulo,SP
2839,são paulo,SP
2807,são paulo,SP
2957,sao paulo,SP
2936,sao paulo,SP
2936,são paulo,SP
2929,sao paulo,SP
2972,sao paulo,SP
2963,sao paulo,SP
2929,são paulo,SP
2938,sao paulo,SP
2972,são paulo,SP
2938,são paulo,SP
2963,são paulo,SP
2957,são paulo,SP
3080,sao paulo,SP
3029,sao paulo,SP
3059,sao paulo,SP
3087,sao paulo,SP
3080,são paulo,SP
3059,são paulo,SP
3028,são paulo,SP
3017,sao paulo,SP
3017,são paulo,SP
3028,sao paulo,SP
3087,são paulo,SP
3161,sao paulo,SP
3112,sao paulo,SP
3150,sao paulo,SP
3186,sao paulo,SP
3150,são paulo,SP
3126,sao paulo,SP
3161,são paulo,SP
3143,sao paulo,SP
3186,são paulo,SP
3143,são paulo,SP
3126,são paulo,SP
3112,são paulo,SP
3194,são paulo,SP
3275,sao paulo,SP
3279,sao paulo,SP
3211,sao paulo,SP
3275,são paulo,SP
3211,são paulo,SP
3273,sao paulo,SP
3237,são paulo,SP
3204,sao paulo,SP
3209,sao paulo,SP
3237,sao paulo,SP
3273,são paulo,SP
3279,são paulo,SP
3204,são paulo,SP
3209,são paulo,SP
3375,sao paulo,SP
3322,sao paulo,SP
3309,sao paulo,SP
3310,sao paulo,SP
3317,são paulo,SP
3310,são paulo,SP
3309,são paulo,SP
3331,são paulo,SP
3317,sao paulo,SP
3358,sao paulo,SP
3321,são paulo,SP
3321,sao paulo,SP
3306,sao paulo,SP
3358,são paulo,SP
3331,sao paulo,SP
3322,são paulo,SP
3306,são paulo,SP
3375,são paulo,SP
3477,sao paulo,SP
3445,sao paulo,SP
3426,sao paulo,SP
3437,sao paulo,SP
3470,sao paulo,SP
3477,são paulo,SP
3470,são paulo,SP
3461,sao paulo,SP
3431,sao paulo,SP
3461,são paulo,SP
3471,sao paulo,SP
3471,são paulo,SP
3426,são paulo,SP
3445,são paulo,SP
3437,são paulo,SP
3431,são paulo,SP
3564,sao paulo,SP
3581,sao paulo,SP
3573,sao paulo,SP
3504,sao paulo,SP
3567,sao paulo,SP
3542,sao paulo,SP
3512,sao paulo,SP
3514,sao paulo,SP
3542,são paulo,SP
3581,são paulo,SP
3569,sao paulo,SP
3514,são paulo,SP
3573,são paulo,SP
3564,são paulo,SP
3512,são paulo,SP
3504,são paulo,SP
3569,são paulo,SP
3567,são paulo,SP
3685,sao paulo,SP
3685,são paulo,SP
3694,sao paulo,SP
3654,sao paulo,SP
3694,são paulo,SP
3673,sao paulo,SP
3690,sao paulo,SP
3654,são paulo,SP
3614,sao paulo,SP
3690,são paulo,SP
3655,sao paulo,SP
3614,são paulo,SP
3655,são paulo,SP
3673,são paulo,SP
3701,são paulo,SP
3701,sao paulo,SP
3702,sao paulo,SP
3804,sao paulo,SP
3880,sao paulo,SP
3821,são paulo,SP
3872,sao paulo,SP
3821,sao paulo,SP
3818,sao paulo,SP
3809,sao paulo,SP
3813,sao paulo,SP
3813,são paulo,SP
3804,são paulo,SP
3818,são paulo,SP
3872,são paulo,SP
3880,são paulo,SP
3809,são paulo,SP
3982,sao paulo,SP
3916,sao paulo,SP
3972,sao paulo,SP
3910,sao paulo,SP
3933,sao paulo,SP
3908,sao paulo,SP
3933,são paulo,SP
3908,são paulo,SP
3910,são paulo,SP
3972,são paulo,SP
3916,são paulo,SP
3982,são paulo,SP
4037,sao paulo,SP
4041,sao paulo,SP
4001,sao paulo,SP
4007,sao paulo,SP
4009,sao paulo,SP
4078,são paulo,SP
4037,são paulo,SP
4078,sao paulo,SP
4007,são paulo,SP
4041,são paulo,SP
4001,são paulo,SP
4009,são paulo,SP
4119,são paulo,SP
4104,são paulo,SP
4190,sao paulo,SP
4104,sao paulo,SP
4111,sao paulo,SP
4119,sao paulo,SP
4128,sao paulo,SP
4130,sao paulo,SP
4182,sao paulo,SP
4136,sao paulo,SP
4102,sao paulo,SP
4128,são paulo,SP
4117,sao paulo,SP
4160,sao paulo,SP
4173,sao paulo,SP
4133,sao paulo,SP
4117,são paulo,SP
4130,são paulo,SP
4190,são paulo,SP
4182,são paulo,SP
4136,são paulo,SP
4160,são paulo,SP
4133,são paulo,SP
4173,são paulo,SP
4102,são paulo,SP
4111,são paulo,SP
4265,são paulo,SP
4248,sao paulo,SP
4265,sao paulo,SP
4248,são paulo,SP
4306,sao paulo,SP
4305,sao paulo,SP
4327,sao paulo,SP
4361,sao paulo,SP
4342,são paulo,SP
4367,são paulo,SP
4310,sao paulo,SP
4342,sao paulo,SP
4316,são paulo,SP
4367,sao paulo,SP
4316,sao paulo,SP
4378,sao paulo,SP
4310,são paulo,SP
4306,são paulo,SP
4305,são paulo,SP
4327,são paulo,SP
4378,são paulo,SP
4361,são paulo,SP
4474,sao paulo,SP
4434,sao paulo,SP
4403,sao paulo,SP
4434,são paulo,SP
4421,sao paulo,SP
4403,são paulo,SP
4462,sao paulo,SP
4433,sao paulo,SP
4474,são paulo,SP
4461,sao paulo,SP
4421,são paulo,SP
4462,são paulo,SP
4433,são paulo,SP
4461,são paulo,SP
4547,sao paulo,SP
4552,sao paulo,SP
4547,são paulo,SP
4552,são paulo,SP
4679,sao paulo,SP
4662,sao paulo,SP
4662,são paulo,SP
4653,sao paulo,SP
4653,são paulo,SP
4679,são paulo,SP
4763,sao paulo,SP
4776,sao paulo,SP
4763,são paulo,SP
4773,sao paulo,SP
4708,são paulo,SP
4718,sao paulo,SP
4728,sao paulo,SP
4708,sao paulo,SP
4776,são paulo,SP
4775,sao paulo,SP
4710,sao paulo,SP
4782,sao paulo,SP
4718,são paulo,SP
4710,são paulo,SP
4782,são paulo,SP
4728,são paulo,SP
4775,são paulo,SP
4773,são paulo,SP
4728,sa£o paulo,SP
4880,são paulo,SP
4850,são paulo,SP
4870,sao paulo,SP
4809,sao paulo,SP
4826,sao paulo,SP
4810,sao paulo,SP
4829,sao paulo,SP
4826,são paulo,SP
4815,sao paulo,SP
4880,sao paulo,SP
4829,são paulo,SP
4850,sao paulo,SP
4809,são paulo,SP
4815,são paulo,SP
4870,são paulo,SP
4810,são paulo,SP
4963,sao paulo,SP
4963,são paulo,SP
5025,sao paulo,SP
5043,sao paulo,SP
5087,sao paulo,SP
5087,são paulo,SP
5025,são paulo,SP
5058,são paulo,SP
5058,sao paulo,SP
5043,são paulo,SP
5141,sao paulo,SP
5171,sao paulo,SP
5171,são paulo,SP
5138,são paulo,SP
5138,sao paulo,SP
5141,são paulo,SP
5108,sao paulo,SP
5108,são paulo,SP
5267,são paulo,SP
5267,sao paulo,SP
5269,sao paulo,SP
5269,são paulo,SP
5335,sao paulo,SP
5366,sao paulo,SP
5366,são paulo,SP
5335,são paulo,SP
5409,são paulo,SP
5414,são paulo,SP
5409,sao paulo,SP
5424,são paulo,SP
5468,sao paulo,SP
5468,são paulo,SP
5414,sao paulo,SP
5424,sao paulo,SP
5549,sao paulo,SP
5542,sao paulo,SP
5588,sao paulo,SP
5542,são paulo,SP
5590,são paulo,SP
5590,sao paulo,SP
5537,sao paulo,SP
5535,sao paulo,SP
5530,sao paulo,SP
5549,são paulo,SP
5560,sao paulo,SP
5588,são paulo,SP
5530,são paulo,SP
5537,são paulo,SP
5535,são paulo,SP
5560,são paulo,SP
5639,sao paulo,SP
5659,sao paulo,SP
5642,são paulo,SP
5634,sao paulo,SP
5639,são paulo,SP
5642,sao paulo,SP
5659,são paulo,SP
5634,são paulo,SP
5782,sao paulo,SP
5783,sao paulo,SP
5778,sao paulo,SP
5735,sao paulo,SP
5734,sao paulo,SP
5767,sao paulo,SP
5711,sao paulo,SP
5716,sao paulo,SP
5729,sao paulo,SP
5711,são paulo,SP
5713,sao paulo,SP
5727,sao paulo,SP
5713,são paulo,SP
5734,são paulo,SP
5782,são paulo,SP
5729,são paulo,SP
5727,são paulo,SP
5716,são paulo,SP
5767,são paulo,SP
5778,são paulo,SP
5783,são paulo,SP
5735,são paulo,SP
5821,são paulo,SP
5847,sao paulo,SP
5877,sao paulo,SP
5849,sao paulo,SP
5873,são paulo,SP
5841,sao paulo,SP
5821,sao paulo,SP
5877,são paulo,SP
5873,sao paulo,SP
5847,são paulo,SP
5849,são paulo,SP
5841,são paulo,SP
6036,osasco,SP
6083,osasco,SP
6050,osasco,SP
6097,osasco,SP
6080,osasco,SP
6060,osasco,SP
6050,sao paulo,SP
6160,osasco,SP
6122,osasco,SP
6162,osasco,SP
6144,osasco,SP
6180,osasco,SP
6114,osasco,SP
6266,osasco,SP
6253,osasco,SP
6331,carapicuiba,SP
6361,carapicuiba,SP
6341,carapicuiba,SP
6361,carapicuíba,SP
6341,carapicuíba,SP
6331,carapicuíba,SP
6449,barueri,SP
6414,barueri,SP
6460,barueri,SP
6420,barueri,SP
6458,barueri,SP
6429,barueri,SP
6463,barueri,SP
6543,santana de parnaiba,SP
6544,santana de parnaiba,SP
6544,santana de parnaíba,SP
6543,santana de parnaíba,SP
6506,santana de parnaiba,SP
6539,santana de parnaiba,SP
6539,santana de parnaíba,SP
6506,santana de parnaíba,SP
6624,jandira,SP
6636,jandira,SP
6600,jandira,SP
6716,cotia,SP
6730,vargem grande paulista,SP
6700,cotia,SP
6717,cotia,SP
6709,cotia,SP
6790,taboao da serra,SP
6753,taboao da serra,SP
6714,cotia,SP
6753,taboão da serra,SP
6790,taboão da serra,SP
6814,embu das artes,SP
6871,itapecerica da serra,SP
6814,embu,SP
6810,embu das artes,SP
6810,embu,SP
6900,embu-guacu,SP
6900,embu-guaçu,SP
6900,embu guaçu,SP
6900,embu guacu,SP
6900,embuguacu,SP
7084,guarulhos,SP
7082,guarulhos,SP
7023,guarulhos,SP
7031,guarulhos,SP
7091,guarulhos,SP
7032,guarulhos,SP
7070,guarulhos,SP
7094,guarulhos,SP
7060,guarulhos,SP
7077,guarulhos,SP
7056,guarulhos,SP
7133,guarulhos,SP
7142,guarulhos,SP
7112,guarulhos,SP
7113,guarulhos,SP
7170,guarulhos,SP
7135,guarulhos,SP
7180,guarulhos,SP
7190,guarulhos,SP
7194,guarulhos,SP
7120,guarulhos,SP
7270,guarulhos,SP
7716,caieiras,SP
7790,cajamar,SP
7794,cajamar,SP
7790,caieiras,SP
7952,francisco morato,SP
7941,francisco morato,SP
8050,sao paulo,SP
8072,sao paulo,SP
8072,são paulo,SP
8050,são paulo,SP
8160,são paulo,SP
8160,sao paulo,SP
8180,sao paulo,SP
8180,são paulo,SP
8253,sao paulo,SP
8290,sao paulo,SP
8275,sao paulo,SP
8260,sao paulo,SP
8223,sao paulo,SP
8270,sao paulo,SP
8280,sao paulo,SP
8250,sao paulo,SP
8240,sao paulo,SP
8260,são paulo,SP
8270,são paulo,SP
8253,são paulo,SP
8275,são paulo,SP
8240,são paulo,SP
8280,são paulo,SP
8290,são paulo,SP
8250,são paulo,SP
8223,são paulo,SP
8420,sao paulo,SP
8485,sao paulo,SP
8410,são paulo,SP
8410,sao paulo,SP
8420,são paulo,SP
8485,são paulo,SP
8577,itaquaquecetuba,SP
8557,poá,SP
8550,poá,SP
8573,itaquaquecetuba,SP
8543,ferraz de vasconcelos,SP
8542,ferraz de vasconcelos,SP
8503,ferraz de vasconcelos,SP
8562,poa,SP
8562,poá,SP
8557,poa,SP
8527,ferraz de vasconcelos,SP
8550,poa,SP
8543,são paulo,SP
8674,suzano,SP
8673,suzano,SP
8671,suzano,SP
8635,suzano,SP
8710,mogi das cruzes,SP
8730,mogi das cruzes,SP
8730,mogidascruzes,SP
8820,mogi das cruzes,SP
9070,santo andre,SP
9041,santo andre,SP
9050,santo andré,SP
9010,santo andre,SP
9041,santo andré,SP
9010,santo andré,SP
9015,santo andre,SP
9020,santo andre,SP
9040,santo andre,SP
9020,santo andré,SP
9030,santo andré,SP
9030,santo andre,SP
9040,santo andré,SP
9050,santo andre,SP
9070,santo andré,SP
9015,santo andré,SP
9171,santo andre,SP
9185,santo andre,SP
9175,santo andre,SP
9120,santo andre,SP
9185,santo andré,SP
9120,santo andré,SP
9195,santo andre,SP
9175,santo andré,SP
9195,santo andré,SP
9171,santo andré,SP
9163,santo andré,SP
9163,santo andre,SP
9230,santo andre,SP
9220,santo andré,SP
9220,santo andre,SP
9230,santo andré,SP
9350,maua,SP
9351,maua,SP
9360,mauá,SP
9360,maua,SP
9350,mauá,SP
9351,mauá,SP
9450,rio grande da serra,SP
9401,ribeirao pires,SP
9401,ribeirão pires,SP
9531,sao caetano do sul,SP
9541,sao caetano do sul,SP
9572,sao caetano do sul,SP
9571,são caetano do sul,SP
9541,são caetano do sul,SP
9571,sao caetano do sul,SP
9572,são caetano do sul,SP
9531,são caetano do sul,SP
9628,sao bernardo do campo,SP
9710,sao bernardo do campo,SP
9721,sao bernardo do campo,SP
9780,sao bernardo do campo,SP
9715,são bernardo do campo,SP
9710,são bernardo do campo,SP
9715,sao bernardo do campo,SP
9725,sao bernardo do campo,SP
9784,sao bernardo do campo,SP
9760,sao bernardo do campo,SP
9760,são bernardo do campo,SP
9784,são bernardo do campo,SP
9725,são bernardo do campo,SP
9721,são bernardo do campo,SP
9780,são bernardo do campo,SP
9780,são caetano do sul,SP
9780,sbcampo,SP
9811,sao bernardo do campo,SP
9820,sao bernardo do campo,SP
9831,sao bernardo do campo,SP
9852,sao bernardo do campo,SP
9820,são bernardo do campo,SP
9811,são bernardo do campo,SP
9831,são bernardo do campo,SP
9852,são bernardo do campo,SP
9920,diadema,SP
9912,diadema,SP
9951,diadema,SP
9932,diadema,SP
9960,diadema,SP
11085,santos,SP
11020,santos,SP
11030,santos,SP
11089,santos,SP
11025,santos,SP
11075,santos,SP
11040,santos,SP
11060,santos,SP
11010,santos,SP
11250,bertioga,SP
11380,sao vicente,SP
11370,sao vicente,SP
11380,são vicente,SP
11370,são vicente,SP
11432,guaruja,SP
11431,guaruja,SP
11443,guaruja,SP
11425,guaruja,SP
11432,guarujá,SP
11431,guarujá,SP
11425,guarujá,SP
11443,guarujá,SP
11533,cubatao,SP
11500,cubatao,SP
11533,cubatão,SP
11500,cubatão,SP
11680,ubatuba,SP
11660,caraguatatuba,SP
11600,sao sebastiao,SP
11600,são sebastião,SP
11664,caraguatatuba,SP
11703,praia grande,SP
11701,praia grande,SP
11702,praia grande,SP
11704,praia grande,SP
11725,praia grande,SP
11900,registro,SP
11920,iguape,SP
11990,cananéia,SP
11990,cananeia,SP
12243,sao jose dos campos,SP
12230,sao jose dos campos,SP
12248,são josé dos campos,SP
12212,sao jose dos campos,SP
12247,sao jose dos campos,SP
12248,sao jose dos campos,SP
12233,sao jose dos campos,SP
12247,são josé dos campos,SP
12243,são josé dos campos,SP
12233,são josé dos campos,SP
12212,são josé dos campos,SP
12230,são josé dos campos,SP
12328,jacarei,SP
12327,jacarei,SP
12308,jacarei,SP
12308,jacareí,SP
12328,jacareí,SP
12327,jacareí,SP
12412,pindamonhangaba,SP
12490,são bento do sapucaí,SP
12490,sao bento do sapucai,SP
12422,pindamonhangaba,SP
12403,pindamonhangaba,SP
12401,pindamonhangaba,SP
12515,guaratingueta,SP
12515,guaratinguetá,SP
12530,cunha,SP
12518,guaratingueta,SP
12513,guaratingueta,SP
12513,guaratinguetá,SP
12518,guaratinguetá,SP
12630,cachoeira paulista,SP
12721,cruzeiro,SP
12820,areias,SP
12940,atibaia,SP
12955,bom jesus dos perdoes,SP
12950,atibaia,SP
12955,bom jesus dos perdões,SP
12913,braganca paulista,SP
12952,atibaia,SP
12913,bragança paulista,SP
13070,campinas,SP
13045,campinas,SP
13087,campinas,SP
13092,campinas,SP
13044,campinas,SP
13010,campinas,SP
13030,campinas,SP
13088,campinas,SP
13050,campinas,SP
13043,campinas,SP
13080,campinas,SP
13075,campinas,SP
13090,campinas,SP
13076,campinas,SP
13083,campinas,SP
13186,hortolandia,SP
13150,cosmopolis,SP
13142,paulinia,SP
13170,sumare,SP
13170,sumaré,SP
13188,hortolândia,SP
13186,hortolândia,SP
13188,hortolandia,SP
13152,cosmópolis,SP
13142,paulínia,SP
13150,cosmópolis,SP
13152,cosmopolis,SP
13101,campinas,SP
13276,valinhos,SP
13208,jundiai,SP
13290,louveira,SP
13270,valinhos,SP
13219,jundiai,SP
13203,jundiai,SP
13272,valinhos,SP
13206,jundiaí,SP
13213,jundiaí,SP
13208,jundiaí,SP
13225,varzea paulista,SP
13257,itatiba,SP
13232,campo limpo paulista,SP
13206,jundiai,SP
13213,jundiai,SP
13295,itupeva,SP
13203,jundiaí,SP
13224,várzea paulista,SP
13225,várzea paulista,SP
13219,jundiaí,SP
13220,várzea paulista,SP
13226,varzea paulista,SP
13220,varzea paulista,SP
13224,varzea paulista,SP
13360,capivari,SP
13330,indaiatuba,SP
13322,salto,SP
13324,salto,SP
13348,indaiatuba,SP
13344,indaiatuba,SP
13321,salto,SP
13328,salto,SP
13450,santa bárbara d'oeste,SP
13419,piracicaba,SP
13481,limeira,SP
13403,piracicaba,SP
13484,limeira,SP
13405,piracicaba,SP
13450,santa barbara d'oeste,SP
13420,piracicaba,SP
13400,piracicaba,SP
13457,santa bárbara d'oeste,SP
13483,limeira,SP
13408,piracicaba,SP
13458,santa barbara d'oeste,SP
13457,santa barbara d oeste,SP
13450,santa barbara d oeste,SP
13457,santa barbara d'oeste,SP
13421,piracicaba,SP
13450,santa bárbara doeste,SP
13457,santa barbara doeste,SP
13458,santa barbara d oeste,SP
13458,santa bárbara d'oeste,SP
13457,santa bárbara doeste,SP
13500,rio claro,SP
13565,sao carlos,SP
13575,sao carlos,SP
13501,rio claro,SP
13565,são carlos,SP
13575,são carlos,SP
13601,araras,SP
13660,porto ferreira,SP
13615,leme,SP
13690,descalvado,SP
13632,pirassununga,SP
13720,são josé do rio pardo,SP
13720,sao jose do rio pardo,SP
13770,caconde,SP
13715,itobi,SP
13733,mococa,SP
13848,mogi guaçu,SP
13843,mogi guaçu,SP
13800,mogi mirim,SP
13848,mogi-guacu,SP
13835,conchal,SP
13871,sao joao da boa vista,SP
13843,mogi-guacu,SP
13843,mogi guacu,SP
13800,mogi-mirim,SP
13848,mogi guacu,SP
13871,são joão da boa vista,SP
13901,amparo,SP
13920,pedreira,SP
13930,serra negra,SP
14020,ribeirao preto,SP
14050,ribeirao preto,SP
14085,ribeirao preto,SP
14080,ribeirao preto,SP
14090,ribeirao preto,SP
14094,ribeirão preto,SP
14094,ribeirao preto,SP
14091,ribeirao preto,SP
14085,ribeirão preto,SP
14070,ribeirao preto,SP
14020,ribeirão preto,SP
14091,ribeirão preto,SP
14080,ribeirão preto,SP
14092,ribeirao preto,SP
14090,ribeirão preto,SP
14092,ribeirão preto,SP
14050,ribeirão preto,SP
14070,ribeirão preto,SP
14150,serrana,SP
14110,bonfim paulista,SP
14110,ribeirao preto,SP
14110,ribeirão preto,SP
14400,franca,SP
14407,franca,SP
14409,franca,SP
14403,franca,SP
14401,franca,SP
14460,cristais paulista,SP
14407,franca sp,SP
14580,guara,SP
14580,guará,SP
14660,sales oliveira,SP
14740,viradouro,SP
14709,bebedouro,SP
14801,araraquara,SP
14870,jaboticabal,SP
14802,araraquara,SP
14811,araraquara,SP
14808,araraquara,SP
14840,guariba,SP
14850,pradopolis,SP
14850,pradópolis,SP
14940,ibitinga,SP
14900,itapolis,SP
14960,novo horizonte,SP
14900,itápolis,SP
15015,sao jose do rio preto,SP
15025,sao jose do rio preto,SP
15053,sao jose do rio preto,SP
15025,são josé do rio preto,SP
15061,sao jose do rio preto,SP
15061,são josé do rio preto,SP
15055,sao jose do rio preto,SP
15035,sao jose do rio preto,SP
15015,são josé do rio preto,SP
15053,são josé do rio preto,SP
15035,são josé do rio preto,SP
15055,são josé do rio preto,SP
15110,guapiacu,SP
15110,guapiaçu,SP
15390,itapura,SP
15300,general salgado,SP
15410,cajobi,SP
15502,votuporanga,SP
15500,votuporanga,SP
15601,fernandopolis,SP
15601,fernandópolis,SP
15775,santa fe do sul,SP
15704,jales,SP
15775,santa fé do sul,SP
15768,santa salete,SP
15830,pindorama,SP
15811,catanduva,SP
15991,matao,SP
15910,monte alto,SP
15991,matão,SP
16013,aracatuba,SP
16022,aracatuba,SP
16012,araçatuba,SP
16012,aracatuba,SP
16022,araçatuba,SP
16013,araçatuba,SP
16200,birigui,SP
16200,birigüi,SP
16207,birigui,SP
16207,birigüi,SP
16301,penapolis,SP
16304,penapolis,SP
16301,penápolis,SP
16304,penápolis,SP
16400,lins,SP
16403,lins,SP
16402,lins,SP
16500,cafelandia,SP
16500,cafelândia,SP
16700,guararapes,SP
16800,mirandopolis,SP
16800,mirandópolis,SP
16900,andradina,SP
16901,andradina,SP
16920,castilho,SP
17063,bauru,SP
17032,bauru,SP
17053,bauru,SP
17056,bauru,SP
17209,jau,SP
17280,pederneiras,SP
17230,itapui,SP
17250,bariri,SP
17209,jaú,SP
17230,itapuí,SP
17320,mineiros do tiete,SP
17320,mineiros do tietê,SP
17400,garca,SP
17400,garça,SP
17504,marilia,SP
17500,marilia,SP
17500,marília,SP
17504,marília,SP
17900,dracena,SP
18072,sorocaba,SP
18080,sorocaba,SP
18071,sorocaba,SP
18090,sorocaba,SP
18060,sorocaba,SP
18055,sorocaba,SP
18185,pilar do sul,SP
18110,votorantim,SP
18305,capao bonito,SP
18305,capão bonito,SP
18550,boituva,SP
18602,botucatu,SP
18608,botucatu,SP
18600,botucatu,SP
18683,lencois paulista,SP
18683,lençóis paulista,SP
18611,botucatu,SP
18680,lencois paulista,SP
18680,lençóis paulista,SP
18710,arandu,SP
18900,santa cruz do rio pardo,SP
18950,ipaussu,SP
19025,presidente prudente,SP
19010,presidente prudente,SP
19063,presidente prudente,SP
19042,presidente prudente,SP
19600,rancharia,SP
19814,assis,SP
19880,cândido mota,SP
19880,candido mota,SP
19801,assis,SP
19915,ourinhos,SP
19907,ourinhos,SP
20021,rio de janeiro,RJ
20040,rio de janeiro,RJ
20061,rio de janeiro,RJ
20041,rio de janeiro,RJ
20270,rio de janeiro,RJ
20211,rio de janeiro,RJ
20521,rio de janeiro,RJ
20520,rio de janeiro,RJ
20511,rio de janeiro,RJ
20720,rio de janeiro,RJ
20756,rio de janeiro,RJ
20775,rio de janeiro,RJ
20735,rio de janeiro,RJ
20940,rio de janeiro,RJ
20930,rio de janeiro,RJ
21011,rio de janeiro,RJ
21073,rio de janeiro,RJ
21012,rio de janeiro,RJ
21235,rio de janeiro,RJ
21210,rio de janeiro,RJ
21230,rio de janeiro,RJ
21215,rio de janeiro,RJ
21211,rio de janeiro,RJ
21330,rio de janeiro,RJ
21321,rio de janeiro,RJ
21380,rio de janeiro,RJ
21370,rio de janeiro,RJ
21555,rio de janeiro,RJ
21670,rio de janeiro,RJ
21615,rio de janeiro,RJ
21625,rio de janeiro,RJ
21750,rio de janeiro,RJ
21810,rio de janeiro,RJ
21840,rio de janeiro,RJ
21931,rio de janeiro,RJ
21921,rio de janeiro,RJ
22030,rio de janeiro,RJ
22011,rio de janeiro,RJ
22230,rio de janeiro,RJ
22250,rio de janeiro,RJ
22240,rio de janeiro,RJ
22270,rio de janeiro,RJ
22221,rio de janeiro,RJ
22260,rio de janeiro,RJ
22260,rio janeiro,RJ
22451,rio de janeiro,RJ
22461,rio de janeiro,RJ
22410,rio de janeiro,RJ
22450,rio de janeiro,RJ
22631,rio de janeiro,RJ
22611,rio de janeiro,RJ
22793,rio de janeiro,RJ
22775,rio de janeiro,RJ
22790,rio de janeiro,RJ
22720,rio de janeiro,RJ
22783,rio de janeiro,RJ
22770,rio de janeiro,RJ
22750,rio de janeiro,RJ
22753,rio de janeiro,RJ
22723,rio de janeiro,RJ
22713,rio de janeiro,RJ
22795,rio de janeiro,RJ
22785,rio de janeiro,RJ
22710,rio de janeiro,RJ
22743,rio de janeiro,RJ
22725,rio de janeiro,RJ
22780,rio de janeiro,RJ
23092,rio de janeiro,RJ
23070,rio de janeiro,RJ
23035,rio de janeiro,RJ
23093,rio de janeiro,RJ
23016,rio de janeiro,RJ
23535,rio de janeiro,RJ
23545,rio de janeiro,RJ
23931,angra dos reis,RJ
24140,niteroi,RJ
24120,niteroi,RJ
24120,niterói,RJ
24140,niterói,RJ
24230,niterói,RJ
24210,niteroi,RJ
24240,niteroi,RJ
24230,niteroi,RJ
24210,niterói,RJ
24241,niteroi,RJ
24240,niterói,RJ
24241,niterói,RJ
24342,niteroi,RJ
24346,niteroi,RJ
24342,niterói,RJ
24346,niterói,RJ
24451,sao goncalo,RJ
24452,são gonçalo,RJ
24416,sao goncalo,RJ
24450,sao goncalo,RJ
24452,sao goncalo,RJ
24422,sao goncalo,RJ
24431,sao goncalo,RJ
24431,são gonçalo,RJ
24425,são gonçalo,RJ
24451,são gonçalo,RJ
24422,são gonçalo,RJ
24450,são gonçalo,RJ
24425,sao goncalo,RJ
24416,são gonçalo,RJ
24711,sao goncalo,RJ
24711,são gonçalo,RJ
24936,marica,RJ
24936,maricá,RJ
25040,duque de caxias,RJ
25025,duque de caxias,RJ
25240,duque de caxias,RJ
25561,sao joao de meriti,RJ
25561,são joão de meriti,RJ
25635,petropolis,RJ
25645,petrópolis,RJ
25660,petrópolis,RJ
25660,petropolis,RJ
25635,petrópolis,RJ
25645,petropolis,RJ
25745,petrópolis,RJ
25745,petropolis,RJ
25957,teresopolis,RJ
25961,teresopolis,RJ
25961,teresópolis,RJ
25957,teresópolis,RJ
26163,belford roxo,RJ
26280,nova iguacu,RJ
26263,nova iguacu,RJ
26282,nova iguacu,RJ
26272,nova iguacu,RJ
26280,nova iguaçu,RJ
26263,nova iguaçu,RJ
26282,nova iguaçu,RJ
26379,queimados,RJ
26525,nilopolis,RJ
26525,nilópolis,RJ
26551,mesquita,RJ
26562,mesquita,RJ
26600,paracambi,RJ
26700,mendes,RJ
27276,volta redonda,RJ
27273,volta redonda,RJ
27213,volta redonda,RJ
27285,volta redonda,RJ
27277,volta redonda,RJ
27310,barra mansa,RJ
27350,barra mansa,RJ
27460,rio claro,RJ
27525,resende,RJ
27570,porto real,RJ
27700,vassouras,RJ
27937,macae,RJ
27933,macaé,RJ
27933,macae,RJ
27930,macae,RJ
27925,macae,RJ
27925,macaé,RJ
27937,macaé,RJ
27930,macaé,RJ
28013,campos dos goytacazes,RJ
28027,campos dos goytacazes,RJ
28021,campos dos goytacazes,RJ
28470,santo antonio de padua,RJ
28470,santo antônio de pádua,RJ
28685,japuiba,RJ
28630,nova friburgo,RJ
28611,nova friburgo,RJ
28605,nova friburgo,RJ
28685,japuíba,RJ
28685,cachoeiras de macacu,RJ
28860,casimiro de abreu,RJ
28896,rio das ostras,RJ
28970,araruama,RJ
28909,cabo frio,RJ
29043,vitoria,ES
29032,vitoria,ES
29043,vitória,ES
29048,vitoria,ES
29048,vitória,ES
29032,vitória,ES
29167,serra,ES
29101,vila velha,ES
29156,cariacica,ES
29162,serra,ES
29122,vila velha,ES
29152,cariacica,ES
29216,guarapari,ES
29313,cachoeiro de itapemirim,ES
29305,cachoeiro de itapemirim,ES
29780,são gabriel da palha,ES
29780,sao gabriel da palha,ES
29900,linhares,ES
30150,belo horizonte,MG
30140,belo horizonte,MG
30170,belo horizonte,MG
30130,belo horizonte,MG
30190,belo horizonte,MG
30111,belo horizonte,MG
30220,belo horizonte,MG
30350,belo horizonte,MG
30320,belo horizonte,MG
30310,belo horizonte,MG
30315,belo horizonte,MG
30411,belo horizonte,MG
30494,belo horizonte,MG
30575,belo horizonte,MG
30664,belo horizonte,MG
30770,belo horizonte,MG
30750,belo horizonte,MG
30860,belo horizonte,MG
30882,belo horizonte,MG
30855,belo horizonte,MG
31050,belo horizonte,MG
31030,belo horizonte,MG
31140,belo horizonte,MG
31160,belo horizonte,MG
31270,belo horizonte,MG
31255,belo horizonte,MG
31310,belo horizonte,MG
31560,belo horizonte,MG
31555,belo horizonte,MG
31565,belo horizonte,MG
31573,belo horizonte,MG
31650,belo horizonte,MG
31720,belo horizonte,MG
31710,belo horizonte,MG
31842,belo horizonte,MG
32071,contagem,MG
32110,contagem,MG
32140,contagem,MG
32185,contagem,MG
32241,contagem,MG
32280,contagem,MG
32310,contagem,MG
32604,betim,MG
32920,sao joaquim de bicas,MG
32920,são joaquim de bicas,MG
33120,santa luzia,MG
33400,lagoa santa,MG
33600,pedro leopoldo,MG
33860,ribeirao das neves,MG
33860,ribeirão das neves,MG
33936,ribeirao das neves,MG
34007,nova lima,MG
34006,nova lima,MG
34580,sabara,MG
34580,sabará,MG
35058,governador valadares,MG
35064,governador valadares,MG
35170,coronel fabriciano,MG
35430,ponte nova,MG
35400,ouro preto,MG
35460,brumadinho,MG
35490,entre rios de minas,MG
35500,divinopolis,MG
35570,formiga,MG
35500,divinópolis,MG
35519,nova serrana,MG
35557,carmo do cajuru,MG
35680,itauna,MG
35661,pará de minas,MG
35680,itaúna,MG
35661,para de minas,MG
35610,dores do indaia,MG
35610,dores do indaiá,MG
35700,sete lagoas,MG
35701,sete lagoas,MG
35900,itabira,MG
36070,juiz de fora,MG
36050,juiz de fora,MG
36036,juiz de fora,MG
36046,juiz de fora,MG
36037,juiz de fora,MG
36021,juiz de fora,MG
36036,juíz de fora,MG
36240,santos dumont,MG
36280,carandai,MG
36205,barbacena,MG
36280,carandaí,MG
36220,antônio carlos,MG
36220,antonio carlos,MG
36325,tiradentes,MG
36400,conselheiro lafaiete,MG
36415,congonhas,MG
36500,uba,MG
36500,ubá,MG
36502,uba,MG
36512,tocantins,MG
36502,ubá,MG
36770,cataguases,MG
36720,volta grande,MG
36873,silveira carvalho,MG
36900,manhuacu,MG
36900,manhuaçu,MG
37002,varginha,MG
37137,alfenas,MG
37175,ilicinea,MG
37175,ilicínea,MG
37410,tres coracoes,MG
37443,baependi,MG
37410,três corações,MG
37478,soledade de minas,MG
37580,monte siao,MG
37540,santa rita do sapucai,MG
37550,pouso alegre,MG
37570,ouro fino,MG
37540,santa rita do sapucaí,MG
37564,borda da mata,MG
37580,monte sião,MG
37584,congonhal,MG
37600,cambui,MG
37600,cambuí,MG
37620,munhoz,MG
37795,andradas,MG
37890,muzambinho,MG
37901,passos,MG
37900,passos,MG
37925,piumhii,MG
37925,piumhi,MG
37902,passos,MG
38017,uberaba,MG
38065,uberaba,MG
38061,uberaba,MG
38230,fronteira,MG
38360,capinopolis,MG
38307,ituiutaba,MG
38304,ituiutaba,MG
38360,capinópolis,MG
38415,uberlandia,MG
38440,araguari,MG
38414,uberlandia,MG
38410,uberlandia,MG
38408,uberlandia,MG
38414,uberlândia,MG
38412,uberlândia,MG
38412,uberlandia,MG
38408,uberlândia,MG
38410,uberlândia,MG
38442,araguari,MG
38415,uberlândia,MG
38550,coromandel,MG
38700,patos de minas,MG
38701,patos de minas,MG
38703,patos de minas,MG
39100,diamantina,MG
39404,montes claros,MG
39401,montes claros,MG
39495,montalvania,MG
39495,montalvânia,MG
39880,aguas formosas,MG
39800,teófilo otoni,MG
39800,teofilo otoni,MG
39880,águas formosas,MG
39960,jequitinhonha,MG
40055,salvador,BA
40170,salvador,BA
41100,salvador,BA
41490,salvador,BA
41480,salvador,BA
41680,salvador,BA
41750,salvador,BA
41770,salvador,BA
41815,salvador,BA
41830,salvador,BA
42738,lauro de freitas,BA
42804,camacari,BA
42804,camaçari,BA
42835,arembepe,BA
42835,camaçari,BA
42835,camacari,BA
44065,feira de santana,BA
44700,jacobina,BA
44750,caldeirao grande,BA
44750,caldeirão grande,BA
44930,presidente dutra,BA
45051,vitoria da conquista,BA
45051,vitória da conquista,BA
45400,valenca,BA
45400,valença,BA
45615,buerarema,BA
45605,itabuna,BA
45645,itapitanga,BA
45810,porto seguro,BA
45860,canavieiras,BA
45960,medeiros neto,BA
45990,teixeira de freitas,BA
45910,alcobaca,BA
45910,alcobaça,BA
45990,alcobaca,BA
46400,caetité,BA
46400,caetite,BA
46875,itatim,BA
47600,bom jesus da lapa,BA
47690,coribe,BA
48020,alagoinhas,BA
48030,alagoinhas,BA
48120,pojuca,BA
48110,catu,BA
48475,itapicuru,BA
48500,euclides da cunha,BA
48590,coronel joao sa,BA
48590,coronel joão sá,BA
48605,paulo afonso,BA
49400,lagarto,SE
49980,neopolis,SE
49980,neópolis,SE
51250,recife,PE
52041,recife,PE
54767,camaragibe,PE
55014,caruaru,PE
55295,garanhuns,PE
55325,brejão,PE
55870,timbauba,PE
55870,timbaúba,PE
56190,terra nova,PE
56220,bodocó,PE
56220,bodoco,PE
56470,jatoba,PE
56470,jatobá,PE
56870,triunfo,PE
57035,maceio,AL
57035,maceió,AL
57017,maceio,AL
57041,maceio,AL
57085,maceió,AL
57085,maceio,AL
57017,maceió,AL
57041,maceió,AL
57210,piacabucu,AL
57250,campo alegre,AL
57210,piaçabuçu,AL
57303,arapiraca,AL
58058,joao pessoa,PB
58057,joao pessoa,PB
58057,joão pessoa,PB
58058,joão pessoa,PB
58175,cuite,PB
58175,cuité,PB
58345,mari,PB
58600,santa luzia,PB
58900,cajazeiras,PB
59030,natal,RN
59152,parnamirim,RN
60165,fortaleza,CE
60175,fortaleza,CE
60125,fortaleza,CE
60355,fortaleza,CE
60410,fortaleza,CE
60822,fortaleza,CE
60831,fortaleza,CE
60871,fortaleza,CE
60850,fortaleza,CE
61658,caucaia,CE
61648,caucaia,CE
61760,eusebio,CE
61760,eusébio,CE
61902,maracanaú,CE
61979,amanari,CE
61902,maracanau,CE
62270,hidrolândia,CE
62270,hidrolandia,CE
62600,itapage,CE
62600,itapajé,CE
62600,itapaje,CE
64056,teresina,PI
64006,teresina,PI
64076,teresina,PI
64033,teresina,PI
64260,piripiri,PI
65062,sao luis,MA
65075,sao luis,MA
65072,são luís,MA
65075,são luís,MA
65058,sao luis,MA
65066,sao luis,MA
65072,sao luis,MA
65045,sao luis,MA
65060,sao luis,MA
65058,são luís,MA
65060,são luís,MA
65045,são luís,MA
65062,são luís,MA
65066,são luís,MA
65350,vitoria do mearim,MA
65350,vitória do mearim,MA
65604,caxias,MA
65919,imperatriz,MA
65912,imperatriz,MA
66033,belem,PA
66093,belem,PA
66033,belém,PA
66093,belém,PA
68637,ipixuna do para,PA
68637,ipixuna do pará,PA
68908,macapa,AP
68908,macapá,AP
69043,manaus,AM
69044,manaus,AM
70040,brasilia,DF
70040,brasília,DF
70337,brasilia,DF
70350,brasilia,DF
70350,brasília,DF
70337,brasília,DF
70670,brasilia,DF
70658,brasilia,DF
70670,brasília,DF
70673,brasilia,DF
70673,brasília,DF
70673,cruzeiro,DF
70670,cruzeiro,DF
70680,brasília,DF
70680,brasilia,DF
70658,cruzeiro,DF
70658,brasília,DF
70740,brasilia,DF
70763,brasilia,DF
70767,brasilia,DF
70767,brasília,DF
70740,brasília,DF
70712,brasilia,DF
70712,brasília,DF
70763,brasília,DF
71250,brasilia,DF
71625,brasilia,DF
71680,brasília,DF
71691,brasilia,DF
71680,brasilia,DF
71675,lago sul,DF
71691,brasília,DF
71675,brasilia,DF
71675,brasília,DF
71625,brasília,DF
71625,lago sul,DF
71680,lago sul,DF
71741,brasilia,DF
71741,brasília,DF
71741,nucleo bandeirante,DF
71805,brasilia,DF
71805,brasília,DF
71805,riacho fundo,DF
71936,brasilia,DF
71918,brasília,DF
71918,brasilia,DF
71936,brasília,DF
71906,brasilia,DF
71906,brasília,DF
72015,brasília,DF
72015,brasilia,DF
72015,taguatinga,DF
72001,brasilia,DF
72125,brasilia,DF
72125,brasília,DF
72125,taguatinga,DF
72306,brasilia,DF
72318,brasilia,DF
72318,brasília,DF
72306,brasília,DF
72306,samambaia,DF
72318,samambaia,DF
72460,brasilia,DF
72914,águas lindas de goiás,GO
72914,aguas lindas de goias,GO
73015,brasília,DF
73015,brasilia,DF
73015,sobradinho,DF
73760,sao joao d'alianca,GO
73760,são joão d'aliança,GO
73760,sao joao dalianca,GO
73760,sao joao d alianca,GO
74110,goiania,GO
74110,goiânia,GO
74120,goiania,GO
74120,goiânia,GO
74210,goiania,GO
74215,goiania,GO
74215,goiânia,GO
74210,goiânia,GO
74565,goiania,GO
74565,goiânia,GO
74663,goiania,GO
74645,goiania,GO
74663,goiânia,GO
74645,goiânia,GO
74785,goiania,GO
74785,goiânia,GO
74845,goiania,GO
74823,goiania,GO
74845,goiânia,GO
74823,goiânia,GO
74930,aparecida de goiania,GO
74930,aparecida de goiânia,GO
75110,anapolis,GO
75120,anapolis,GO
75144,anápolis,GO
75123,anapolis,GO
75110,anápolis,GO
75144,anapolis,GO
75123,anápolis,GO
75120,anápolis,GO
75200,pires do rio,GO
75610,joviania,GO
75650,morrinhos,GO
75610,joviânia,GO
75903,rio verde,GO
76200,ipora,GO
76200,iporá,GO
76345,nova america,GO
76345,nova américa,GO
76590,são miguel do araguaia,GO
76590,sao miguel do araguaia,GO
76630,itaberai,GO
76630,itaberaí,GO
76889,cacaulândia,RO
76870,ariquemes,RO
76889,cacaulandia,RO
76900,ji-parana,RO
76900,ji-paraná,RO
77405,gurupi,TO
77403,gurupi,TO
77750,couto de magalhaes,TO
77750,couto de magalhães,TO
77825,araguaina,TO
78020,cuiaba,MT
78060,cuiaba,MT
78045,cuiaba,MT
78043,cuiaba,MT
78060,cuiabá,MT
78043,cuiabá,MT
78045,cuiabá,MT
78020,cuiabá,MT
78550,sinop,MT
78552,sinop,MT
78643,querencia,MT
78643,querência,MT
78795,pedra preta,MT
79091,campo grande,MS
79002,campo grande,MS
79008,campo grande,MS
79004,campo grande,MS
79011,campo grande,MS
79092,campo grande,MS
79012,campo grande,MS
79117,campo grande,MS
79304,corumbá,MS
79304,corumba,MS
80060,curitiba,PR
80020,curitiba,PR
80040,curitiba,PR
80240,curitiba,PR
80210,curitiba,PR
80220,curitiba,PR
80310,curitiba,PR
80330,curitiba,PR
80420,curitiba,PR
80610,curitiba,PR
80730,curitiba,PR
81830,curitiba,PR
81825,curitiba,PR
81820,curitiba,PR
81880,curitiba,PR
81935,curitiba,PR
82510,curitiba,PR
82520,curitiba,PR
82810,curitiba,PR
82800,curitiba,PR
82940,curitiba,PR
83280,guaratuba,PR
83325,pinhais,PR
83327,pinhais,PR
83323,pinhais,PR
83321,pinhais,PR
83430,campina grande do sul,PR
83535,campo magro,PR
83650,balsa nova,PR
83605,campo largo,PR
83900,sao mateus do sul,PR
83900,são mateus do sul,PR
84570,mallet,PR
85301,laranjeiras do sul,PR
85350,nova laranjeiras,PR
85501,pato branco,PR
85580,itapejara d'oeste,PR
85580,itapejara d  oeste,PR
85603,francisco beltrao,PR
85640,ampere,PR
85603,francisco beltrão,PR
85640,ampére,PR
85851,foz do iguacu,PR
85807,cascavel,PR
85884,medianeira,PR
85801,cascavel,PR
85867,foz do iguacu,PR
85802,cascavel,PR
85816,cascavel,PR
85869,foz do iguacu,PR
85869,foz do iguaçu,PR
85851,foz do iguaçu,PR
85867,foz do iguaçu,PR
85903,toledo,PR
85935,assis chateaubriand,PR
85948,pato bragado,PR
86020,londrina,PR
86010,londrina,PR
86050,londrina,PR
86081,londrina,PR
86185,cambe,PR
86185,cambé,PR
86600,rolandia,PR
86600,rolândia,PR
86706,arapongas,PR
86870,ivaipora,PR
86870,ivaiporã,PR
87025,maringa,PR
87083,maringa,PR
87047,maringa,PR
87083,maringá,PR
87030,maringa,PR
87050,maringa,PR
87047,maringá,PR
87040,maringa,PR
87040,maringá,PR
87015,maringa,PR
87045,maringa,PR
87030,maringá,PR
87050,maringá,PR
87015,maringá,PR
87045,maringá,PR
87025,maringá,PR
87140,paicandu,PR
87140,paiçandu,PR
87114,sarandi,PR
87203,cianorte,PR
87320,roncador,PR
87303,campo mourao,PR
87303,campo mourão,PR
87504,umuarama,PR
87501,umuarama,PR
87502,umuarama,PR
87707,paranavaí,PR
87707,paranavai,PR
87900,loanda,PR
87930,querencia do norte,PR
87930,querência do norte,PR
88090,florianopolis,SC
88025,florianopolis,SC
88058,florianopolis,SC
88047,florianopolis,SC
88050,florianopolis,SC
88058,florianópolis,SC
88050,florianópolis,SC
88047,florianópolis,SC
88090,florianópolis,SC
88025,florianópolis,SC
88058,florian&oacute;polis,SC
88113,sao jose,SC
88136,palhoca,SC
88115,sao jose,SC
88113,são josé,SC
88137,palhoça,SC
88137,palhoca,SC
88115,são josé,SC
88136,palhoça,SC
88220,itapema,SC
88301,itajaí,SC
88301,itajai,SC
88330,balneario camboriu,SC
88308,itajai,SC
88340,camboriu,SC
88330,balneário camboriú,SC
88340,camboriú,SC
88308,itajaí,SC
88345,camboriu,SC
88345,camboriú,SC
88330,camboriu,SC
88502,lages,SC
88704,tubarao,SC
88780,imbituba,SC
88717,sangao,SC
88730,sao ludgero,SC
88704,tubarão,SC
88730,são ludgero,SC
88717,sangão,SC
89023,blumenau,SC
89069,blumenau,SC
89041,blumenau,SC
89030,blumenau,SC
89082,indaial,SC
89160,rio do sul,SC
89120,timbo,SC
89120,timbó,SC
89108,massaranduba,SC
89219,joinville,SC
89220,joinville,SC
89240,sao francisco do sul,SC
89224,joinville,SC
89251,jaragua do sul,SC
89259,jaragua do sul,SC
89280,sao bento do sul,SC
89291,sao bento do sul,SC
89254,jaragua do sul,SC
89204,joinville,SC
89259,jaraguá do sul,SC
89240,são francisco do sul,SC
89214,joinville,SC
89251,jaraguá do sul,SC
89239,joinville,SC
89254,jaraguá do sul,SC
89280,são bento do sul,SC
89291,são bento do sul,SC
89370,papanduva,SC
89460,canoinhas,SC
89400,porto uniao,SC
89400,porto união,SC
89520,curitibanos,SC
89620,campos novos,SC
89694,faxinal dos guedes,SC
89750,peritiba,SC
89820,xanxere,SC
89888,caibi,SC
89899,ipora do oeste,SC
89820,xanxerê,SC
89830,abelardo luz,SC
89837,coronel martins,SC
89899,iporã do oeste,SC
90010,porto alegre,RS
90030,porto alegre,RS
90018,porto alegre,RS
90230,porto alegre,RS
90460,porto alegre,RS
90420,porto alegre,RS
90550,porto alegre,RS
90610,porto alegre,RS
90620,porto alegre,RS
90820,porto alegre,RS
91050,porto alegre,RS
91110,porto alegre,RS
91150,porto alegre,RS
91130,porto alegre,RS
91130,porto aelgre,RS
91240,porto alegre,RS
91350,porto alegre,RS
91450,porto alegre,RS
91550,porto alegre,RS
91760,porto alegre,RS
91780,porto alegre,RS
91770,porto alegre,RS
91910,porto alegre,RS
92030,canoas,RS
92110,canoas,RS
92310,canoas,RS
92320,canoas,RS
92425,canoas,RS
92440,canoas,RS
92412,canoas,RS
92500,guaiba,RS
92500,guaíba,RS
93010,sao leopoldo,RS
93010,são leopoldo,RS
93224,sapucaia do sul,RS
93990,morro reuter,RS
94010,gravatai,RS
94010,gravataí,RS
94110,gravatai,RS
94110,gravataí,RS
94852,alvorada,RS
94910,cachoeirinha,RS
95057,caxias do sul,RS
95034,caxias do sul,RS
95012,caxias do sul,RS
95170,farroupilha,RS
95270,flores da cunha,RS
95360,parai,RS
95310,andre da rocha,RS
95310,andré da rocha,RS
95360,paraí,RS
95670,gramado,RS
95780,montenegro,RS
95795,sao vendelino,RS
95770,feliz,RS
95795,são vendelino,RS
95800,venancio aires,RS
95800,venâncio aires,RS
95940,arroio do meio,RS
95913,lajeado,RS
96180,camaqua,RS
96180,camaquã,RS
96203,rio grande,RS
96450,dom pedrito,RS
96400,bagé,RS
96400,bage,RS
96750,butia,RS
96750,butiá,RS
96810,santa cruz do sul,RS
97105,santa maria,RS
97300,sao gabriel,RS
97300,são gabriel,RS
97503,uruguaiana,RS
98035,cruz alta,RS
98400,frederico westphalen,RS
98801,santo angelo,RS
98801,santo ângelo,RS
99010,passo fundo,RS
99470,nao-me-toque,RS
99400,espumoso,RS
99470,não-me-toque,RS
99500,carazinho,RS
99525,santo antonio do planalto,RS
99525,santo antônio do planalto,RS
99690,liberato salzano,RS
99701,erechim,RS